name,lat,lon
서울특별시,37.541691, 126.987467
인천광역시,37.446777, 126.684879
강원도,37.836825, 128.106336
경기도,37.422526, 127.496338
충청북도,36.777824, 127.732398
충청남도,36.533189, 126.894885
경상북도,36.319551, 128.908081
전라북도,35.700851, 127.126460
전라남도,34.881567, 126.984515
경상남도,35.382496, 128.273560
대구광역시,35.850354, 128.587091
광주광역시,35.135946, 126.818557
울산광역시,35.569325, 129.264750
부산광역시,35.164062, 129.042574
제주도,33.405093, 126.607125
대전광역시,36.346609, 127.388803
